單位屬性,主辦單位,所屬單位,ID,活動名稱,活動說明,活動屬性,類別,點數,開始日期/時間,結束日期/時間,報名方式,活動地點,主講人,主講人介紹,主持人,主持人介紹,主辦單位.1,聯絡人,開放對象,關鍵字標籤,Unnamed: 32
學術,藝術學院,CRM 藝術學院／9000348 郭亮玎,16642,1101週三藝術之夜-1/5-異鄉子,週三藝術之夜,"全人學習,",美,2,2022-01-05 16:00:00,2022-01-05 21:00:00,自由參加,校內：曉峰紀念館 10樓 曉峰1005曉峰音樂廳,,,,,藝術學院,9000348 郭亮玎 (藝術學院 秘書),不限身分,"藝文,",
學術,藝術學院,CRM 藝術學院／9000348 郭亮玎,16641,1101週三藝術之夜-12/29-表演藝術聯展,週三藝術之夜,"全人學習,",美,2,2021-12-29 16:00:00,2021-12-29 21:00:00,自由參加,校內：曉峰紀念館 10樓 曉峰1005曉峰音樂廳,,,,,藝術學院,9000348 郭亮玎 (藝術學院 秘書),不限身分,"藝文,",
學術,藝術學院,CRM 藝術學院／9000348 郭亮玎,16640,1101週三藝術之夜-12/27-巴洛克音樂饗宴,週三藝術之夜,"全人學習,",美,2,2021-12-27 12:00:00,2021-12-27 21:00:00,自由參加,校內：曉峰紀念館 10樓 曉峰1005曉峰音樂廳,,,,,藝術學院,9000348 郭亮玎 (藝術學院 秘書),不限身分,"藝文,",
學術,藝術學院,CRM 藝術學院／9000348 郭亮玎,16639,1101週三藝術之夜-12/22-擊樂音樂劇場,週三藝術之夜,"全人學習,",美,2,2021-12-22 16:00:00,2021-12-22 21:00:00,自由參加,校內：曉峰紀念館 10樓 曉峰1005曉峰音樂廳,,,,,藝術學院,9000348 郭亮玎 (藝術學院 秘書),不限身分,"藝文,",
學術,藝術學院,CRM 藝術學院／9000348 郭亮玎,16638,1101週三藝術之夜-12/21-夜管樂high,週三藝術之夜,"全人學習,",美,2,2021-12-21 16:00:00,2021-12-21 23:00:00,自由參加,校內：曉峰紀念館 10樓 曉峰1005曉峰音樂廳,,,,,藝術學院,9000348 郭亮玎 (藝術學院 秘書),不限身分,"藝文,",
學術,藝術學院,CRM 藝術學院／9000348 郭亮玎,16637,1101週三藝術之夜-12/15-聲詠樂饗,週三藝術之夜,"全人學習,",美,2,2021-12-15 16:00:00,2021-12-15 21:00:00,自由參加,校內：曉峰紀念館 10樓 曉峰1005曉峰音樂廳,,,,,藝術學院,9000348 郭亮玎 (藝術學院 秘書),不限身分,"藝文,",
學術,藝術學院,CRM 藝術學院／9000348 郭亮玎,16636,1101週三藝術之夜-12/8-恣遊,週三藝術之夜,"全人學習,",美,2,2021-12-08 16:00:00,2021-12-08 21:00:00,自由參加,校內：曉峰紀念館 10樓 曉峰1005曉峰音樂廳,,,,,藝術學院,9000348 郭亮玎 (藝術學院 秘書),不限身分,"藝文,",
學術,藝術學院,CRM 藝術學院／9000348 郭亮玎,16634,1101週三藝術之夜-12/1-協奏曲之夜【德俄薈萃】,週三藝術之夜,"全人學習,",美,2,2021-12-01 16:00:00,2021-12-01 21:00:00,自由參加,校內：曉峰紀念館 10樓 曉峰1005曉峰音樂廳,,,,,藝術學院,9000348 郭亮玎 (藝術學院 秘書),不限身分,"藝文,",
學術,藝術學院,CRM 藝術學院／9000348 郭亮玎,16633,1101週三藝術之夜-10/24-第九屆創意作曲比賽,週三藝術之夜,"全人學習,",美,2,2021-11-24 16:00:00,2021-11-24 21:00:00,自由參加,校內：曉峰紀念館 10樓 曉峰1005曉峰音樂廳,,,,,藝術學院,9000348 郭亮玎 (藝術學院 秘書),不限身分,"藝文,",
學術,藝術學院,CRM 藝術學院／9000348 郭亮玎,16632,1101週三藝術之夜-11/17-大提琴樂曲之夜,週三藝術學院,"全人學習,",美,2,2021-11-17 16:00:00,2021-11-17 21:00:00,自由參加,校內：曉峰紀念館 10樓 曉峰1005曉峰音樂廳,,,,,藝術學院,9000348 郭亮玎 (藝術學院 秘書),不限身分,"藝文,",
學術,藝術學院,CRM 藝術學院／9000348 郭亮玎,16631,1101週三藝術之夜-11/10-琵琶重奏之夜,週三藝術之夜,"全人學習,",美,2,2021-11-10 16:03:00,2021-11-10 21:00:00,自由參加,校內：曉峰紀念館 10樓 曉峰1005曉峰音樂廳,,,,,藝術學院,9000348 郭亮玎 (藝術學院 秘書),不限身分,"藝文,",
學術,藝術學院,CRM 藝術學院／9000348 郭亮玎,16630,1101週三藝術之夜-11/3-玫好時光,週三藝術之夜,"全人學習,",美,2,2021-11-03 16:01:00,2021-11-03 21:00:00,自由參加,校內：曉峰紀念館 10樓 曉峰1005曉峰音樂廳,,,,,藝術學院,9000348 郭亮玎 (藝術學院 秘書),不限身分,"藝文,",
學術,藝術學院,CRM 藝術學院／9000348 郭亮玎,16629,1101週三藝術之夜-10/27-收藏電影的人,週三藝術之夜,"全人學習,",美,2,2021-10-27 15:55:00,2021-10-27 20:00:00,自由參加,校內：曉峰紀念館 10樓 曉峰1005曉峰音樂廳,,,,,藝術學院,9000348 郭亮玎 (藝術學院 秘書),不限身分,"講座,藝文,",
行政,教師教學發展組,CUFNA 教發組／A401114 謝怡萱,16626,【證照輔導系列講座】永不停止的烘焙證照路,講座主題：永不停止的烘焙證照路,"全人學習,",智,2,2021-11-23 13:00:00,2021-11-23 15:00:00,線上報名(學校報名系統),網路平台,如花 老師,,,,教學資源中心,教學資源中心謝怡萱小姐，#17906，xyx9@ulive.pccu.edu.tw；教學資源中心陳苑如小姐，#17911，cyr10@ulive.pccu.edu.tw,不限身分,講座,
行政,教師教學發展組,CUFNA 教發組／A401114 謝怡萱,16625,【證照輔導系列講座】臨心hihi，考照不難,講座主題：臨心hihi，考照不難,"全人學習,",體,2,2021-11-17 10:00:00,2021-11-17 12:00:00,線上報名(學校報名系統),網路平台,,,,,教學資源中心,教學資源中心謝怡萱小姐，#17906，xyx9@ulive.pccu.edu.tw；教學資源中心陳苑如小姐，#17911，cyr10@ulive.pccu.edu.tw,不限身分,講座,
行政,教師教學發展組,CUFNA 教發組／A401114 謝怡萱,16624,【證照輔導系列講座】保險知多少-保險證照自己考,講座主題：保險知多少-保險證照自己考,"全人學習,",德,2,2021-11-15 13:00:00,2021-11-15 15:00:00,線上報名(學校報名系統),網路平台,陳柏文 講師,,,,教學資源中心,教學資源中心謝怡萱小姐，#17906，xyx9@ulive.pccu.edu.tw；教學資源中心陳苑如小姐，#17911，cyr10@ulive.pccu.edu.tw,不限身分,講座,
行政,教學資源中心,CUFNA 教發組／A401114 謝怡萱,16619,【證照輔導系列講座】就。很。Bank,講座主題：就。很。Bank,"全人學習,",德,2,2021-11-12 10:00:00,2021-11-12 12:00:00,線上報名(學校報名系統),校內：大恩館 1樓 恩104國際會議廳,林威廷 講師,,,,教學資源中心,教學資源中心謝怡萱小姐，#17906，xyx9@ulive.pccu.edu.tw；教學資源中心陳苑如小姐，#17911，cyr10@ulive.pccu.edu.tw,不限身分,"講座,",
行政,教學資源中心,CUFNA 教發組／A401114 謝怡萱,16617,【證照輔導系列講座】芳香療法的學習之路,講座主題：芳香療法的學習之路,"全人學習,",美,2,2021-11-01 13:00:00,2021-11-01 15:00:00,線上報名(學校報名系統),網路平台,芳療師 吳鎮宇,,,,教學資源中心,教學資源中心謝怡萱小姐，#17906，xyx9@ulive.pccu.edu.tw；教學資源中心陳苑如小姐，#17911，cyr10@ulive.pccu.edu.tw,不限身分,"講座,",
行政,教學資源中心,CUFNA 教發組／A401114 謝怡萱,16615,"【證照輔導系列講座】畢業後的第一張門票-""食""育生涯 ""證""式起飛","講座主題：畢業後的第一張門票-""食""育生涯 ""證""式起飛","全人學習,",體,2,2021-10-28 13:00:00,2021-10-28 15:00:00,線上報名(學校報名系統),校內：大恩館 1樓 恩104國際會議廳,營養師 杯蓋,,,,教學資源中心,教學資源中心謝怡萱小姐，#17906，xyx9@ulive.pccu.edu.tw；教學資源中心陳苑如小姐，#17911，cyr10@ulive.pccu.edu.tw,不限身分,"講座,",
學術,科藝所,CRRIAT 科藝所／7401663 林貞吟,16597,跳出劇院的框架，來場世界的探險：戲劇在博物館、原住民部落的應用,"戲劇不只是劇院中被觀看欣賞的高堂藝術，當離開了劇場中，戲劇還能在不同場域，面對不同群群，成為知識與人之間的橋梁。

身兼戲劇治療師與戲劇教育工作者的講者蘇慶元，會分享他如何使用戲劇，跳脫出劇場的框架，在博物館帶領者安置機構的青少年，進入故宮博物院扮演偵探尋找炸彈，進而了解商朝青銅器，以及歐洲阿拉伯難民的議題；在部落，則使用戲劇，透過扮演與歷險，帶領部落兒童了解自己部落的遷徙歷史，或是神話。

讓我們一起看看戲劇是如何辦到的吧！
","全人學習,",智,2,2021-11-12 08:00:00,2021-11-12 10:00:00,自由參加,校內：大恩館 1樓 恩101遠距教學教室,蘇慶元,"聖文生發展中心、愛家發展中心、世界展望會 兼任戲劇治療師
台北藝術大學、台灣藝術大學 兼任講師
桃源國小 駐校藝術家
悅萃坊 執行長，小C戲劇實驗室 負責人
青年意義團體帶領者

前英國醫療專業人員協會認證註冊之戲劇治療師、前台安醫院表達性藝術治療中心 臨床戲劇治療師
前大屯國小、復興高中、中正高中、台灣戲曲學院 兼任講師
前台灣一人一故事劇場協會 理事長
",林玉琪,"科技藝術碩士學位學程 助理教授 林玉琪
本校諮商中心主任
",科技藝術碩士學位學程(科藝所),科藝所 林貞吟，#39705，jenyin@ulive.pccu.edu.tw,不限身分,"講座,數位,",
行政,學生諮商中心,CUFAK 諮商中心／A902997 邱子耕,16594,助理人員經驗分享,分享協助身障生的工作經驗，需要注意的細節，可能忽略的工作態度與做法，工作&身分上與服務對象的界線。,"全人學習,",智,2,2021-10-19 18:00:00,2021-10-19 20:00:00,洽主辦單位,校內：大恩館 3樓 恩302普通教室,許翠蓉聽打員,,,,學生諮商中心資源教室,資源教室 邱子耕 先生，#12622，qzg@ulive.pccu.edu.tw,不限身分,"教育訓練,講座,",
行政,閱覽組,CUBG 閱覽組／7603665 陳惠娟,16591,圖書館民國110年10月20日(三)10:10~12:00專題演講:「森林破壞後對環境之改變與影響」,"專題演講:「森林破壞後對環境之改變與影響」• 主講人：王義仲 教授 (森保系系主任)• 主講人：王義仲 教授 (森保系系主任)• 時　間：民國110年10月20日 周三 10:10-12:00• 地　點：Teams（線上演講連結網址： https://is.gd/gpqhyc )可獲全人學習護照""智""2點(請由專區登入Teams參加演講，方能採計全人學習點數)","全人學習,",智,2,2021-10-20 10:00:00,2021-10-20 12:00:00,自由參加,網路平台,森林保育學系系主任 王義仲 教授,學經歷：主講人介紹中國文化大學森保系教授兼系主任‧教育部地球與環境科教科書審定委員‧環保署縣市SIP環保考核委員‧台北市樹木保護委員會委員‧農委會全民造林運動造林成果查證委員‧農委會林務局綠色及景觀造林委員‧中華紙漿公司公派董事 專長：‧森林資源利用‧森林與環境‧木竹材之碳估算,圖書館 陳惠娟,,圖書館,圖書館 陳惠娟，#14203，joyce@ulive.pccu.edu.tw,不限身分,"講座,環境議題 森林破壞,",
行政,職涯發展與校友服務組,CUFAJ 職發組／虞如斯,16589,翻轉人生─生涯諮詢師的6次線上生涯團體,"對未來感到焦慮嗎？
希望讓生活更有意義嗎？
期待更清楚自己前進的方向嗎？
歡迎參加這次的生涯工作坊「翻轉人生」！

其實這學期初的線上問卷活動「我的未來我做主」，學生們統計結果顯示，最希望提升的生涯規畫能力前三名為「更了解自己的優勢能力」、「專業與未來接軌與結合的能力」及「提升自我認識」。

因此本組特別邀請兩位經歷豐富的生涯諮詢師，設計「翻轉人生─生涯諮詢師的線上生涯課」，希冀協助學生從自我認識的探索活動，逐步形成個人定向與抉擇，並提升未來職場的因應能力。

活動日期：10/20、10/27、11/3、11/10、11/24、12/1活動時間：10:10-12:00
活動地點：線上Teams & 大孝館8樓求慧廳
活動講師：葉倪秀諮商心理師、酒小萍諮商心理師
報名網址：請直接前往職發組報名並繳交保證金(參與即全額退還)！

前三次活動分別給予全人學習點數智育2點，後三場則每次給予體育2點。

詳細情形可點開連結了解！名額有限，快來報名吧！(以全程參與者優先錄取)


https://forms.gle/kAPKLT1qRuQtDnQD6","全人學習,",體,6,2021-11-10 10:00:00,2021-12-01 12:00:00,洽主辦單位,校內：大孝館 8樓 孝805求慧室,,,,,職發組,職發組 虞如斯 諮商心理師，#12506，yrs@ulive.pccu.edu.tw,不限身分,"健康,",
行政,職涯發展與校友服務組,CUFAJ 職發組／虞如斯,16588,翻轉人生─生涯諮詢師的6次線上生涯團體,"對未來感到焦慮嗎？
希望讓生活更有意義嗎？
期待更清楚自己前進的方向嗎？
歡迎參加這次的生涯工作坊「翻轉人生」！

其實這學期初的線上問卷活動「我的未來我做主」，學生們統計結果顯示，最希望提升的生涯規畫能力前三名為「更了解自己的優勢能力」、「專業與未來接軌與結合的能力」及「提升自我認識」。

因此本組特別邀請兩位經歷豐富的生涯諮詢師，設計「翻轉人生─生涯諮詢師的線上生涯課」，希冀協助學生從自我認識的探索活動，逐步形成個人定向與抉擇，並提升未來職場的因應能力。

活動日期：10/20、10/27、11/3、11/10、11/24、12/1
活動時間：10:10-12:00
活動地點：線上Teams & 大孝館8樓求慧廳
活動講師：葉倪秀諮商心理師、酒小萍諮商心理師
報名網址：請直接前往職發組報名並繳交保證金(參與即全額退還)！

前三次活動分別給予全人學習點數智育2點，後三場則每次給予體育2點。

詳細情形可點開連結了解！名額有限，快來報名吧！(以全程參與者優先錄取)

https://forms.gle/kAPKLT1qRuQtDnQD6","全人學習,",智,6,2021-10-20 10:00:00,2021-11-03 12:00:00,洽主辦單位,校內：大孝館 8樓 孝805求慧室,,,,,職發組,職發組 虞如斯 諮商心理師，#12506，yrs@ulive.pccu.edu.tw,不限身分,"健康,",
行政,學生諮商中心,CUFAK 諮商中心／9800956 王蔚竣,16577,110(1)正念芳療紓壓工作坊-「芳」輕鬆,品聞芳香的氣味可以對身心產生舒緩的感受，搭配正念療法更能協助我們在面對忙碌生活也可以好好紓壓一下,"全人學習,",體,3,2021-11-08 13:00:00,2021-11-08 16:00:00,洽主辦單位,校內：大孝館 6樓 孝603教育學院會議室及研究所教室,蔡宜軒 諮商心理師,心田心理諮商所,,,學生諮商中心,學生諮商中心 王蔚竣老師，#12602,"學生,","健康,工作坊,芳療,精油,紓壓,",
行政,學生諮商中心,CUFAK 諮商中心／9800956 王蔚竣,16576,110(1)園藝紓壓工作坊-柔軟、新鮮、翠綠，打造屬於你的小森林,透過「植物」以及「與植物有關的元素」讓學生從中獲得生理、心理、社交認知及經濟效益的福祉效益，增進自我覺察與發現，並促進幸福感的提升,"全人學習,",體,3,2021-11-03 13:00:00,2021-11-03 16:00:00,洽主辦單位,校內：大孝館 2樓 孝205學務處學生諮商中心,辛宜娟 諮商心理師,財團法人張老師基金會台北分事務所,,,學生諮商中心,學生諮商中心 王蔚竣老師，#12602,"學生,","健康,工作坊,園藝,植物,自我覺察,幸福感,紓壓,",
學術,理學院,CRS 理學院／8002304 林琦又,16569,110深耕在地文化專題演講(4):咖啡生活旅行10.29(五)下午3:00義610室,藉由舉辦中華文化在地創新發展專題演講，以提升同學對在地文化的瞭解與體認，講者分享在尋豆過程的點點滴滴，及分享如何沖煮咖啡品味咖啡，透過演講者知識及經歷的分享，讓在場師生感受在地文化的魅力。,"全人學習,",德,2,2021-10-29 15:00:00,2021-10-29 17:00:00,現場報名,校內：大義館 6樓 義610理學院會議室及研究所教室,咖啡迷品牌尋豆師張喬雅營運長,咖啡迷品牌尋豆師 優勢文創行銷有限公司營運長,理學院盧光輝院長,理學院院長,理學院,理學院林琦又秘書，#25005，crs@dep.pccu.edu.tw,不限身分,"講座,",
學術,理學院,CRS 理學院／8002304 林琦又,16568,110深耕在地文化專題演講(3):數據的力量 - AI的魔力在農業的應用！10.20(三)下午3:00義405室,藉由舉辦中華文化在地創新發展專題演講，以提升同學對在地文化的瞭解與體認，講者分享如何利用AI科技，運用在農業上的成果，透過演講者知識及經歷的分享，讓在場師生感受在地文化的魅力。,"全人學習,",德,2,2021-10-20 15:00:00,2021-10-20 17:00:00,現場報名,校內：大義館 4樓 義405普通教室,金緻網路公司郭俊男執行長,金緻網路公司執行長,應數系鄭文巧主任,應數系主任,理學院,理學院林琦又秘書，#25005，crs@dep.pccu.edu.tw,不限身分,"講座,",
行政,學生諮商中心,CUFAK 諮商中心／A503243 溫乘瑄,16565,110-1學期學生諮商中心性平講座：練愛快吵店－聽懂關係中的男難細語,【110-1學期學生諮商中心講座資訊】【體2點】主題：練愛快吵店－聽懂關係中的男難細語 時間：110年10月20日(三)13:10-15:00  地點：Teams線上講座，活動當天會將活動連結傳送至學生信箱  講師：羅仁鴻諮商心理師 報名：1.請點選連結報名　2.可至學生專區活動訊息搜尋 寶寶心裡苦，但寶寶不說。許多男生在戀愛中常常有苦說不清，有時說了，另一半卻又聽不懂，最後只能選擇在沈默與壓力中度過。當男人戀愛時，是什麼樣子？你是否了解自己的男伴？身為男生的你，又了解自己多少呢？在練愛島嶼中，本次邀請到羅仁鴻諮商心理師，以男性的角度帶領我們一起細細的品味親密關係中許多的「男以言說」，理解男生在關係中如同「涼拌苦瓜」的心情，吵出一道道如同美味佳餚的新關係。#體育點數2點#鳥語花香，讓愛遠播-性別平等教育講座 #天堂鳥-聽懂就能自由、幸福快樂,"全人學習,",體,2,2021-10-20 13:00:00,2021-10-20 15:00:00,線上報名(學校報名系統),網路平台,,,,,學務處學生諮商中心,溫乘瑄約聘心理師，#12610，wcx2@ulive.pccu.edu.tw,不限身分,"男性關懷、溝通、伴侶關係,",
學術,理學院,CRS 理學院／8002304 林琦又,16563,110.1科技倫理院演講(2):青春無敵，如何做好你自己？(10.25下午3:10-5:00 Microsoft Teams線上演講),本課程將先從人性面來教育同學，發揮善良的公益精神，成熟審慎的使用科技來造福人群，才是根本之道。藉由本課程希望能培養同學優質科技倫理的思想與態度，以及往後面對複雜倫理問題時，能有正確的判斷與解決問題的能力。,"全人學習,",德,2,2021-10-25 15:00:00,2021-10-25 17:00:00,洽主辦單位,網路平台,五福旅行社顧問/前總經理謝宏明,五福旅行社顧問/前總經理,理學院盧光輝院長,理學院院長,理學院,理學院林琦又秘書，#25005，crs@dep.pccu.edu.tw,不限身分,講座,
學術,理學院,CRS 理學院／8002304 林琦又,16562,110災害防減講座(3):國際救援組織與救援經驗(10.26下午1:10義526),國際救援機構與救援行動經驗談，如何參加災害救援、介紹救援訓練單位和招募時間,"全人學習,",群,2,2021-10-26 13:00:00,2021-10-26 15:00:00,現場報名,校內：大義館 5樓 義526地理系專業教室,台北市消防局鳳凰志工隊陳大誠博士,台北市消防局鳳凰志工隊博士,地學所所長李載鳴,地學所所長,理學院,理學院林琦又秘書，#25005，crs@dep.pccu.edu.tw,不限身分,"講座,",
學術,理學院,CRS 理學院／8002304 林琦又,16561,110災害防減講座(2):傳染病大流行對交通運輸地理的衝擊與風險管理-以Covid-19之於全球旅外緊急醫療為例(10.19下午1:10義526),以長期醫療轉運以及商業救護車服務系統的經驗奠基，建立以救護車船、直升機、醫療專機等各種運送方式，提供醫療救援轉運的國際服務。,"全人學習,",群,2,2021-10-19 13:00:00,2021-10-19 15:00:00,現場報名,校內：大義館 5樓 義526地理系專業教室,聯合國際救援公司徐震宇執行長,聯合國際救援公司執行長,地學所所長李載鳴,地學所所長,理學院,理學院林琦又秘書，#25005，crs@dep.pccu.edu.tw,不限身分,"講座,",
學術,藝術學院,CRM 藝術學院／郭亮玎,16549,藝術學院週三藝術之夜:紀錄片拍攝甘苦談-蒐藏電影的人紀錄片分享,邀請蒐藏電影的人紀錄片導演李建成導演,"全人學習,",美,2,2021-10-27 18:30:00,2021-10-27 20:30:00,自由參加,校內：曉峰紀念館 10樓 曉峰1005曉峰音樂廳,李建成 導演,,,,藝術學院,郭亮玎秘書,不限身分,"講座,藝文,紀錄片，蒐藏電影的人,",
A155,慧智學社,生命關懷類,16548,"[代匯入-智慧學社主辦]佛法與生活講座
-精進料理與禪之藝術",以精緻、養生、調食做出禪意及健康的美食。,全人學習,德,2,2022-01-05 19:00:00,2022-01-05 20:00:00,線上報名(詳見活動網址),googlemeet線上,特聘講師,,,,文化大學慧智學社,慧智學社行政林宣宏_0926896067/0978166336a155@pccu.edu.tw,,社團、佛法、生活、健康、心理、美,
A155,慧智學社,生命關懷類,16547,"[代匯入-智慧學社主辦]佛法與生活講座
-花道",以八正道插出供佛的花，圓滿人生。,全人學習,德,2,2021-12-29 19:00:00,2021-12-29 20:00:00,線上報名(詳見活動網址),googlemeet線上,特聘講師,,,,文化大學慧智學社,慧智學社行政林宣宏_0926896067/0978166336a155@pccu.edu.tw,,社團、佛法、生活、健康、心理、美,
A155,慧智學社,生命關懷類,16546,"[代匯入-智慧學社主辦]佛法與生活講座
-日本職人精神與禪",用六度波羅蜜成為獨特的職人。,全人學習,德,2,2021-12-22 19:00:00,2021-12-22 20:00:00,線上報名(詳見活動網址),googlemeet線上,特聘講師,,,,文化大學慧智學社,慧智學社行政林宣宏_0926896067/0978166336a155@pccu.edu.tw,,社團、佛法、生活、健康、心理、美,
A155,慧智學社,生命關懷類,16545,"[代匯入-智慧學社主辦]佛法與生活講座
-品牌及實用物品的設計",以智慧設計物品，提升美感及實用性。,全人學習,德,2,2021-12-15 19:00:00,2021-12-15 20:00:00,線上報名(詳見活動網址),googlemeet線上,特聘講師,,,,文化大學慧智學社,慧智學社行政林宣宏_0926896067/0978166336a155@pccu.edu.tw,,社團、佛法、生活、健康、心理、美,
A155,慧智學社,生命關懷類,16544,"[代匯入-智慧學社主辦]佛法與生活講座
-禪建築之美",以佛法提升建築品質。,全人學習,德,2,2021-12-08 19:00:00,2021-12-08 20:00:00,線上報名(詳見活動網址),googlemeet線上,特聘講師,,,,文化大學慧智學社,慧智學社行政林宣宏_0926896067/0978166336a155@pccu.edu.tw,,社團、佛法、生活、健康、心理、美,
A155,慧智學社,生命關懷類,16543,"[代匯入-智慧學社主辦]佛法與生活講座
-日本禪寺簡介及旅遊",分享日本行住坐臥中佛法。,全人學習,德,2,2021-12-01 19:00:00,2021-12-01 20:00:00,線上報名(詳見活動網址),googlemeet線上,特聘講師,,,,文化大學慧智學社,慧智學社行政林宣宏_0926896067/0978166336a155@pccu.edu.tw,,社團、佛法、生活、健康、心理、美,
A155,慧智學社,生命關懷類,16542,"[代匯入-智慧學社主辦]佛法與生活講座
-茶道",藉由茶道中的禪意提升心量及定力。,全人學習,德,2,2021-11-24 19:00:00,2021-11-24 20:00:00,線上報名(詳見活動網址),googlemeet線上,特聘講師,,,,文化大學慧智學社,慧智學社行政林宣宏_0926896067/0978166336a155@pccu.edu.tw,,社團、佛法、生活、健康、心理、美,
A155,慧智學社,生命關懷類,16541,"[代匯入-智慧學社主辦]佛法與生活講座
-歌曲中的禪味",藉由歌曲中的禪意，讓你更了解佛法如何運用在生活中。,全人學習,德,2,2021-11-03 19:00:00,2021-11-03 20:00:00,線上報名(詳見活動網址),googlemeet線上,特聘講師,,,,文化大學慧智學社,慧智學社行政林宣宏_0926896067/0978166336a155@pccu.edu.tw,,社團、佛法、生活、健康、心理、美,
A155,慧智學社,生命關懷類,16540,[代匯入-智慧學社主辦]百味供活動,透過佛誕活動，讓大家學習佛菩薩他們的智慧與慈悲，利益眾生，讓大家瞭解學佛的好處。,全人學習,德,2,2021-11-01 11:00:00,2021-11-01 13:00:00,線上報名(詳見活動網址),慧智學社社辦(華岡路一巷8號),特聘講師,,,,文化大學慧智學社,慧智學社行政林宣宏_0926896067/0978166336a155@pccu.edu.tw,,社團、佛法、生活、健康、心理、美,
A155,慧智學社,生命關懷類,16539,"[代匯入-智慧學社主辦]佛法與生活講座
-日本動漫中的禪意",藉由日本動漫中的禪意，讓你更了解佛法如何運用在日常生活中。,全人學習,德,2,2021-10-27 19:00:00,2021-10-27 20:00:00,線上報名(詳見活動網址),googlemeet線上,特聘講師,,,,文化大學慧智學社,慧智學社行政林宣宏_0926896067/0978166336a155@pccu.edu.tw,,社團、佛法、生活、健康、心理、美,
A155,慧智學社,生命關懷類,16538,"[代匯入-智慧學社主辦]佛法與生活講座
-你想創業嗎？",以佛法讓你心想事成。,全人學習,德,2,2021-10-20 19:00:00,2021-10-20 20:00:00,線上報名(詳見活動網址),googlemeet線上,特聘講師,,,,文化大學慧智學社,慧智學社行政林宣宏_0926896067/0978166336a155@pccu.edu.tw,,社團、佛法、生活、健康、心理、美,
行政,學生諮商中心,CUFAK 諮商中心／9800956 王蔚竣,16520,110(1)自我探索成長團體-撥開團團迷霧,藉由自我成長團體中的分享與回饋，協助學生增加自我了解、及培養良好的人際互動能力，以增加其對自我有更多的認識與成長。,"全人學習,",體,8,2021-10-21 16:00:00,2021-12-16 18:00:00,洽主辦單位,校內：大孝館 2樓 孝205學務處學生諮商中心,劉家瑜 實習諮商心理師,,,,學生諮商中心,學生諮商中心 王蔚竣老師，#12602,"學生,","健康,自我成長團體,自我探索,",
行政,學生諮商中心,CUFAK 諮商中心／9800956 王蔚竣,16519,110(1)人際關係探索成長團體-關於我們的旅行,藉由自我成長團體中的分享與回饋，協助學生增加自我了解、及培養良好的人際互動能力，以增加其對自我有更多的認識與成長。,"全人學習,",體,8,2021-10-18 16:00:00,2021-12-13 18:00:00,洽主辦單位,校內：大孝館 2樓 孝205學務處學生諮商中心,王逸然 實習諮商心理師,,,,學生諮商中心,學生諮商中心 王蔚竣老師，#12602,"學生,","健康,自我成長團體,人際關係,",
行政,學務處,CUFA 學務處／A702343 潘平柔,16516,110學年度第1學期原住民原力共融迎新活動,"本次活動原資中心與文大社團原薪社的學長姐舉辦，帶領大一新生們從破冰遊戲打破彼此距離，並安排前往福音園體驗活動增進團隊合作之默契，並透過肢體美學與文化交織認同自己與他族文化。

報名網址：
https://reurl.cc/Gbo77Z
","全人學習,",美,4,2021-10-30 15:00:00,2021-10-30 21:00:00,線上報名(詳見活動網址),校外：福音園:台北市士林區仰德大道二段200號,,,,,原住民族學生資源中心,原資中心潘平柔小姐，#12702，ppr@ulive.pccu.edu.tw,"學生,","原住民,",
行政,學務處,CUFA 學務處／A702343 潘平柔,16515,110學年度第1學期原住民原力共融迎新活動,"本次活動原資中心與文大社團原薪社的學長姐舉辦，帶領大一新生們從破冰遊戲打破彼此距離，並安排前往福音園體驗活動增進團隊合作之默契，並透過肢體美學與文化交織認同自己與他族文化。

報名網址：
https://reurl.cc/Gbo77Z
","全人學習,",群,4,2021-10-30 09:00:00,2021-10-30 15:00:00,線上報名(詳見活動網址),校外：福音園:台北市士林區仰德大道二段200號,,,,,原住民族學生資源中心,原資中心潘平柔小姐，#12702，ppr@ulive.pccu.edu.tw,"學生,","原住民,",
行政,學生諮商中心,CUFAK 諮商中心／吳政,16514,「時間管理術：手帳創作療癒工作坊」學生諮商中心1101身心療癒系列活動,📒行程常常跟搭公車一樣晚了五分鐘嗎？已經努力寫手帳了，卻還是常常「辣」掉事情嗎？掌握時間從規劃做起，創作手帳療癒，也讓生活變得井然有序。📒讓學生諮商中心陪你一起，不再「辣」掉事情，透過手帳創作療癒身心，並讓生活增加「甜」蜜滋味。邀請您一起來一場手帳創作療癒工作坊！👉 時間：110.10.19(二) 1500-1700👉 地點：線上工作坊(Teams)👉 講師：詹欣怡 諮商心理師/圖文創作者👉 點數：提供體育點數2點👉 報名網址：https://forms.gle/4u6hvJWFqq9vsFENA,全人學習,體,2,2021-10-19 15:00:00,2021-10-19 17:00:00,線上報名(詳見活動網址),校內：大孝館 2樓 孝205學務處學生諮商中心,詹欣怡 諮商心理師／圖文創作者,,吳政勳 諮商心理師,,學生諮商中心,吳政勳 諮商心理師，#12612 ，wzx10@ulive.pccu.edu.tw,不限身分,"講座,",
學術,紡織系,CRENTE 紡織系／A900722 林珈,16505,紡織系專題講座,針對紡織產業進行詳細說明，讓同學們可以更了解台灣紡織產業內容及未來所需具備的職場實力。,"全人學習,",德,點數：2,2021-11-10 15:00:00,2021-11-10 17:00:00,現場報名,校內：大典館 4樓 典411普通教室,,,,,紡織工程學系,紡織工程學系,不限身分,"講座,",
行政,閱覽組,CUBG 閱覽組／8203971 王惠萍,16485,圖書館X諮商中心舉辦「周三午場電影院 - 看電影，療心裡」，播放「花漾女子」,"周三午場電影院-看電影，療心裡：「花漾女子」

時間：2021年10月27日 (星期三) 12:30-15:00
講師：黃柏威諮商心理師
地點：圖書館七樓團體視聽室

參加可獲全人學習護照 ""美"" ""體"" 各1 點
","全人學習,",美,1,2021-10-27 12:30:00,2021-10-27 15:00:00,自由參加,校內：曉峰紀念館 7樓 曉峰705團體視聽室,黃柏威諮商心理師,如：法文系系主任林玫君,如：法文系系主任林玫君,,"學生諮商中心,圖書館","學生諮商中心溫乘瑄老師 #12610, 圖書館王惠萍 #14204",不限身分,"藝文,",
行政,創新育成中心,CUFKD 育成中心／A800884 林育仙,16469,✨不只創業 絕對實用！✨【110 華岡創新創業系列課程(05)】12/10(五)、12/17(五) 一機在手 用鏡頭說故事─流量！輕鬆擁有,"一機在手 讓你正拍、反拍、倒著拍、摺疊拍都可以輕鬆記錄精采的畫面！

但要如何「讓人一看就想分享」、「看完後馬上掏錢贊助這個計畫」或者「讓人感動的淚流滿面」…

拍的漂亮，拍的瀟灑，拍的清楚，拍的得意，拍的精彩，拍的出色，拍的深情，拍的智慧…

拍的天真浪漫反璞歸真，拍的喜事連連無怨無悔，拍的恍然大悟破鏡重圓，拍的平常心是道，拍的日日好日年年好年，如夢似真止於至善…？

▍募資影片如何打動人心 ？ 個人/品牌影片如何讓人看過有印象？ ▍

▍怎麼做？ 才能表達想法、為產品或構想說一個好故事！？ ▍

你不需要很厲害才能開始，但你需要開始才會很厲害，準備好~老師帶你飛~！

【12/10(五)、12/17(五) 一機在手 用鏡頭說故事─流量！輕鬆擁有】
▶️時間：2021.12.10、2021.12.17 (共 2 周星期五) 上午 10:00-13:00
▶️講師：奧森影業製作有限公司 創辦人兼導演 鄧皓元
▶️地點：大新館B1樓 B101圓形演講廳 (延平南路127號，近西門町)
🔜 🔜 報名：https://pse.is/3n52zd

~ 免費報名！名額有限 ~

★本主題課程需配合連續 2周上課，報名時敬請確認均可出席★
","全人學習,",美,2,2021-12-10 10:00:00,2021-12-17 13:00:00,請預先報名(報名方式詳備註),校內：大新館 B1樓 延B101圓型演講廳,奧森影業製作有限公司 創辦人兼導演 鄧皓元,"台灣導演，出生於台北，為台灣廣告工作者之一。

影片類型當中，特別專攻群眾募資影片，協助國內外的公司完成群眾募資。
現今除了了導演的職務外，也擔任各個大小影片競賽評審。同時也在「影音創客」擔任講師，推廣如何用手機拍片，希望能夠把影音教育從小開始，讓孩童能夠多一種說故事的方式。另外也有針對有一般民眾公開班，以及企業內訓。同時也在Facebook「微電影聚樂部」專頁，擔任直播節目主持人，透過直播的方式，讓大家更更暸解影視產業。
同時也是中華數位貨幣協會監事與台灣青年年數文創發展促進協會理理事之一。
",,,創新育成中心,創新育成中心 林小姐，#7223，yuslin@sce.pccu.edu.tw,不限身分,"講座,社團,競賽,藝文,創新，創業，廣告，品牌策略，讓未來的你感謝現在的你,",
行政,創新育成中心,CUFKD 育成中心／A800884 林育仙,16468,✨不只創業 絕對實用！✨【110 華岡創新創業系列課程(04)】11/26(五) 說出你的核心價值─簡報！菜鳥上手,"「啥米！？你說幹嘛學邏輯！」
就算不會圖表、不會設計，哼....google大神就會賜給我免費模板 百套不厭！
但你真的確定..你做出來的有邏輯層次、資訊表達清晰嗎？
最最..最重要的是，臺下的老師、教授有看懂嗎！！？？

🏃♀️ 不論你有沒有要創業，強力推薦你一定要上的課 🏃♀️

▍這個不寫情書 改做簡報的世代！ ▍

簡報，是在求學、求職中最為重要的能力，加值升級永遠不嫌多

📢有想創業的你，不能不知道募資簡報怎麼做才能深入人心？

📢沒有打算創業的你，更要學習未來職涯不可缺的""個人募資""─履歷簡報！！

重要場合想表現自己 總不老讓人會錯意 你該學會的，就是如何短時間抓住重點，表達你的想法！

怎麼做？才能成為競爭者中最耀眼的那顆星 準備好~老師帶你飛~！

✨不只創業 絕對實用！✨

【2021. 11/26(五) 說出你的核心價值─簡報！菜鳥上手】
▶️時間：2021.11.26 (星期五) 上午 10:00-13:00
▶️講師：大學前必修課發起人、讓狂人飛 知識長/共同創辦人 陳睨
▶️地點：大恩館 1 樓 104國際會議廳
🔜 🔜 報名：https://pse.is/3n52zd

~ 免費報名！名額有限 ~

─ ─ 你不需要很厲害才能開始，但你需要開始才會很厲害！─ ─","全人學習,",智,1,2021-11-26 10:00:00,2021-11-26 13:00:00,請預先報名(報名方式詳備註),校內：大恩館 1樓 恩104國際會議廳,大學前必修課發起人、讓狂人飛 知識長/共同創辦人 陳睨,"大學前必修課 | Before College Camp 發起人
台灣青少年影展｜行銷總監
Hahow好學校｜專案開發經理
《職人》SHOKUZiNE ｜記者
雜學校｜Za Share 策展執行
",,,創新育成中心,創新育成中心 林小姐，#7223，yuslin@sce.pccu.edu.tw,不限身分,"講座,社團,競賽,數位,創新，創業，廣告，品牌策略，讓未來的你感謝現在的你,",
行政,創新育成中心,CUFKD 育成中心／A800884 林育仙,16467,✨不只創業 絕對實用！✨【110 華岡創新創業系列課程(03)】11/10(三) 尋找你的第一桶金─從商業模式開始,"▍學生團隊該怎麼創業？

創業！除了解決問題，更重要是”商機”

▶️不論你想創業、或是期中報告....還是準備參加競賽、或是想試試募資
▶️你的新點子該怎麼透過募資先發聲、建社群 如何提案？

商業模式成功的關鍵，在於深入了解顧客所做的事，並依此設計強而有力的價值主張
如果想要成功經營自媒體，除了打造個人品牌，更要思考商業變現模式

▍本堂課將帶領同學一起從價值主張與事業經營模式 找出競爭優勢
你不需要很厲害才能開始，但你需要開始才會很厲害！

🏃♀️不論你有沒有要創業，推薦你快來上的課 🏃♀️

【2021. 11/10(三) 尋找你的第一桶金─從商業模式開始】
▶ 時間：2021.11.10 (星期三) 下午 13:00-16:00
▶ 講師：淡江大學資訊傳播學系 副教授 陳意文
▶ 地點：大新館B1樓 B101圓形演講廳
🔜 🔜 報名：https://pse.is/3n52zd

~ 免費報名！名額有限 ~

─ ─ 老師在教 學生團隊都怎麼創業 真的太精采！！─ ─
","全人學習,",智,1,2021-11-10 13:00:00,2021-11-10 16:00:00,請預先報名(報名方式詳備註),校內：大新館 B1樓 延B101圓型演講廳,淡江大學資訊傳播學系 副教授 陳意文,,,,創新育成中心,創新育成中心 林小姐，#7223，yuslin@sce.pccu.edu.tw,不限身分,"講座,社團,競賽,數位,創新、創業競賽、價值主張、品牌策略、讓未來的你感謝現在的你,",
行政,創新育成中心,CUFKD 育成中心／A800884 林育仙,16466,✨不只創業 絕對實用！✨【110 華岡創新創業系列課程(02)】11/05(五) 斜槓在走 個人品牌你有沒有,"✨✨ 台灣最受歡迎的青年職涯教練來啦~~！！ ✨✨

你是不是經常聽到「斜槓」這個詞？你是否想成為「斜槓青年」？你有思考過自己喜歡的事情是什麼？
你這些喜好，有可能讓你開發出多元職涯，擁有多重收入，有可能讓你成為斜槓青年喔！！

或是你可能已經開始行動，並持續經營各種網上論壇或社群，準備自媒體創業
但你可能發現，自媒體創業門檻低 似乎很容易遇到瓶頸，不知道該怎麼繼續....
如果你有創業打算，是否發現好多企業CEO與大公司顧問同時也是「自媒體人」的一個終極典範

🏃♀️ 不論你有沒有要創業，強力推薦你一定要上的課 🏃♀️

【2021. 11/05(五) 斜槓在走 個人品牌你有沒有】
▶ 時間：2021.11.05 (星期五) 上午 09:00-13:00
▶ 講師：暢銷作家/職涯實驗室創辦人 何則文
▶ 地點：大恩館 1樓 104國際會議廳
🔜 🔜 報名：https://pse.is/3n52zd

~ 免費報名！名額有限 ~
─ ─準備好 老師帶你飛！ 開啟斜槓世代的個人品牌力！─ ─
","全人學習,",德,1,2021-11-05 09:00:00,2021-11-05 13:00:00,請預先報名(報名方式詳備註),校內：大恩館 1樓 恩104國際會議廳,暢銷作家/職涯實驗室創辦人 何則文,"▍暢銷作家 /青年職涯教練/職涯實驗室 創辦人

何則文是全台最大職涯社群「職涯實驗室」創辦人，曾任湛積科技人力資源經理、鴻海集團 FIH 人資整合行銷主管、教育部國教署人事人員等職。大學就讀國立中興大學歷史系，經濟部國際企業經營班結業。曾派駐越南河內、西貢、中國深圳、河北等地。

何則文也是著名的青年職涯教練，每年受邀到百餘家機關、學校、企業演講，主要講授青年職涯發展、寫作與演說簡報技巧、人力資源創新、國際政治經濟局勢等議題。

著作有《別讓世界定義你》（遠流出版）、《用地圖看懂東南亞經濟》（商周出版）、《青年寫給青年的東協工作筆記》（寫樂文化）等書。

▍職涯實驗室簡介 ▍
職涯實驗室CDL創立於2019年底，緣起於文案的美林育聖老師鼓勵時任新創人資經理的作家何則文創辦青年職涯社群。
何則文曾任世界500強企業人資主管，也曾加入新創擔任人資經理，秉持著協助青年人找到職涯方向，透過培力課程與社群學習精神創辦CDL，成立一年社群人數即破萬，每月舉辦各類工作坊、講座與交流活動，協助年輕夥伴找到職涯新方向。
",,,創新育成中心,創新育成中心 林小姐，#7223，yuslin@sce.pccu.edu.tw,不限身分,"講座,社團,競賽,數位,創新，創業，就業，個人品牌，自媒體，讓未來的你感謝現在的你,",
行政,創新育成中心,CUFKD 育成中心／A800884 林育仙,16465,✨不只創業 絕對實用！✨【110 華岡創新創業系列課程(01)】10/20(三) 創業很難？─迷惘選擇學 設計人生工作坊,"未來不是只有標準答案的選擇題
✨不論你有沒有要創業，強力推薦你一定要上的課 ✨

▍這堂課要教你什麼？

來自 美國史丹佛大學 最受歡迎 Life Design Lab，以設計思考方法出發，為焦慮世代打造的人生設計課，帶領同學一起自我探索！

▍誰適合這堂課

🚴 謹致現在茫然失措、一次一次徘徊在十字街頭，對生活現狀不滿但又說不出問題到底在哪的同學

🚴 獻給想要創造自我價值，卻不知道方向；想要跨出舒適圈，卻又沒有勇氣，缺乏熱情去完成一件事情的學員

─管你未來要不要創業 不怕我和世界不一樣 搶鮮體驗 來玩再說！─

【2021. 10/20(三)創業很難？─迷惘選擇學 設計人生工作坊】
▶️ 時間：2021.10.20 (星期三) 下午 13:00-16:00
▶️ 講師：台大醫院急診醫學部兼任主治醫師、沐懷管理顧問有限公司執行長│紀俊麟
▶️ 地點：大恩館 1樓 104國際會議廳
🔜 🔜 報名：https://pse.is/3n52zd


~ 免費報名！名額有限 ~
─ ─ 你不需要很厲害才能開始，但你需要開始才會很厲害 ─ ─

#適合想創業的你 #適合沒有想要創業的你 #適合不知道要不要創業的你 #適合管你未來要不要創業來交朋友的你 #適合不知道這是甚麼課來上上看的你 #適合想著手改變的你 #適合正在尋找人生方向的你 #適合想探索自己人生可能性的你 #適合期待和夥伴共創設計人生的你
","全人學習,",德,1,2021-10-20 13:00:00,2021-10-20 16:00:00,請預先報名(報名方式詳備註),校內：大恩館 1樓 恩104國際會議廳,台大醫院急診醫學部兼任主治醫師、沐懷管理顧問有限公司執行長│紀俊麟,"紀俊麟醫師
史丹福大學訪問學者
沐懷創辦人 | 台大醫院兼任主治醫師

紀醫生將在史丹佛學到的創新方法學帶到亞洲，並創立了沐懷。
多年來致力與政府、企業單位合作推動國際性、跨領域的新創活動，用史丹佛大學設計思考法，教你發掘各種人生版本！

👉了解更多講師經歷 https://sofasoda.co/dyl/accupass
",如：法文系系主任林玫君,,創新育成中心,創新育成中心 林小姐，#7223，yuslin@sce.pccu.edu.tw,不限身分,"講座,社團,競賽,創新，創業，就業，職涯，設計思考，人生，讓未來的你感謝現在的你,",
行政,學生諮商中心,CUFAK 諮商中心／B000806 周謹平,16459,110(1)班級心理測驗,透過測驗之實施，協助學生增進自我了解，亦提供教師進一步了解學生心理健康狀態，以適時關懷與輔導。,"全人學習,",體,2,2021-10-18 16:00:00,2021-12-13 18:00:00,洽主辦單位,校內：大孝館 2樓 孝205學務處學生諮商中心,王逸然 實習諮商心理師,,,,學生諮商中心,學生諮商中心 王蔚竣老師，#12602,"學生,","健康,自我成長團體,人際關係,",
行政,華岡博物館,CUCH 博物館／葉庭嘉,16434,2022中韓美術交流展,2022中韓美術交流展,"全人學習,",美,1,2022-01-11 09:00:00,2022-01-20 16:00:00,自由參加,曉峰紀念館 1樓 曉峰1F會議區梯廳,,,,,美術系 洪昌穀主任,美術系 洪昌穀主任,不限身分,"藝文,",
行政,華岡博物館,CUCH 博物館／葉庭嘉,16433,中國文化大學美術系碩士班畢業展,"‧2021/12/20-2021/12/24 第一組： 池永健、吳玉貞
‧2021/12/27-2022/1/7 第二組： 鄭蘭香、張文宏、陳涵筠","全人學習,",美,1,2021-12-20 09:00:00,2022-01-07 16:00:00,自由參加,曉峰紀念館 1樓 曉峰1F會議區梯廳,,,,,美術系# 39105、39106,美術系# 39105、39106,不限身分,"藝文,",
行政,華岡博物館,CUCH 博物館／葉庭嘉,16432,小島微風—林中信雙年展,小島微風—林中信雙年展,"全人學習,",美,1,2021-12-01 09:00:00,2021-12-15 16:00:00,自由參加,曉峰紀念館 1樓 曉峰1F會議區梯廳,,,,,林中信,林中信,不限身分,"藝文,",
行政,華岡博物館,CUCH 博物館／葉庭嘉,16431,時代記憶2021譚國智油畫作品展,時代記憶2021譚國智油畫作品展,"全人學習,",美,1,2021-11-16 09:00:00,2021-11-25 16:00:00,自由參加,曉峰紀念館 1樓 曉峰1F會議區梯廳,,,,,譚國智,譚國智,不限身分,"藝文,",
行政,華岡博物館,CUCH 博物館／葉庭嘉,16430,25#19912021#30,美術系第25屆校友聯展,"全人學習,",美,1,2021-11-02 09:00:00,2021-11-11 16:00:00,自由參加,曉峰紀念館 1樓 曉峰1F會議區梯廳,,,,,王士樵,王士樵,不限身分,"藝文,",
行政,華岡博物館,CUCH 博物館／葉庭嘉,16429,視覺思塾—中國文化大學教職員蠟筆畫聯展,視覺思塾—中國文化大學教職員蠟筆畫聯展,"全人學習,",美,1,2021-10-19 09:00:00,2021-10-28 16:00:00,自由參加,曉峰紀念館 1樓 曉峰1F會議區梯廳,,,,,許榕㤢,許榕㤢,不限身分,"藝文,",
行政,華岡博物館,CUCH 博物館／葉庭嘉,16428,日常生活美學構成的自我實踐—楊勝雄教授教學成果展,日常生活美學構成的自我實踐—楊勝雄教授教學成果展,"全人學習,",美,1,2021-10-19 09:00:00,2021-10-28 16:00:00,自由參加,曉峰紀念館 1樓 曉峰1F會議區梯廳,,,,,廣告系 楊勝雄,廣告系 楊勝雄,不限身分,"藝文,",
